[{"model": "auth.user", "pk": 1, "fields": {"password": "pbkdf2_sha256$1000000$xlVD7dFj1eMHn7m32Nxay4$m7DDiL6O+BItTH3xqR2oMwfegg48aTimhMaxiDN7GmY=", "last_login": "2025-10-03T13:24:39.894Z", "is_superuser": true, "username": "admin", "first_name": "", "last_name": "", "email": "", "is_staff": true, "is_active": true, "date_joined": "2025-10-03T13:17:30.628Z", "groups": [], "user_permissions": []}}, {"model": "auth.user", "pk": 2, "fields": {"password": "pbkdf2_sha256$1000000$bDlmBzNlRXJ2PgUjT08tSi$A6LMG5rEVpuhaQhtLYNQ6dgmVVJrbig8vVW9XCdMehs=", "last_login": "2025-10-03T16:17:40.851Z", "is_superuser": false, "username": "maiga", "first_name": "MAIGA", "last_name": "Mahamane", "email": "", "is_staff": false, "is_active": true, "date_joined": "2025-10-03T13:19:19.972Z", "groups": [], "user_permissions": []}}, {"model": "auth.user", "pk": 3, "fields": {"password": "pbkdf2_sha256$1000000$On3GekdzGoCBaLcWVVjfFy$vGG96LY2HdfJOBUHS3Lus7mFdt/9YPtZDRU6pu2XPgk=", "last_login": "2025-10-03T15:24:33.472Z", "is_superuser": false, "username": "72014965", "first_name": "Kone", "last_name": "Abdoulaye", "email": "", "is_staff": false, "is_active": true, "date_joined": "2025-10-03T13:48:28.141Z", "groups": [], "user_permissions": []}}, {"model": "auth.user", "pk": 4, "fields": {"password": "pbkdf2_sha256$1000000$xAJgzyTZbQYVdKN0PyF1lR$at4VXVc+g0GFgL+MJ8+Pu1XXaZfBZFLLdzf81HSCFT0=", "last_login": "2025-10-03T15:14:40.787Z", "is_superuser": false, "username": "74648606", "first_name": "Daou", "last_name": "Koniba", "email": "", "is_staff": false, "is_active": true, "date_joined": "2025-10-03T13:51:45.496Z", "groups": [], "user_permissions": []}}, {"model": "auth.user", "pk": 5, "fields": {"password": "pbkdf2_sha256$1000000$DQ6Mtu5PJwde9w28qieGkg$Yrh6DDRoOPOpNz6bfgvv9/K2eGnusZcggSVn8VVdVzs=", "last_login": "2025-10-03T15:18:50.009Z", "is_superuser": false, "username": "77730569", "first_name": "Kouyate", "last_name": "Fatoumata", "email": "", "is_staff": false, "is_active": true, "date_joined": "2025-10-03T13:52:12.428Z", "groups": [], "user_permissions": []}}, {"model": "auth.user", "pk": 6, "fields": {"password": "pbkdf2_sha256$1000000$zWHxLjs1plPT7HC7QUcfRS$Z/msJoAFG3rXoXhi7hP0nN6EMczuhLMVXNKvCCGO8pE=", "last_login": null, "is_superuser": false, "username": "74105503", "first_name": "Sidibe", "last_name": "Mankoulako", "email": "", "is_staff": false, "is_active": true, "date_joined": "2025-10-03T13:52:45.299Z", "groups": [], "user_permissions": []}}, {"model": "auth.user", "pk": 7, "fields": {"password": "pbkdf2_sha256$1000000$7ppJ7vV7S3wLgF8rCcx6yE$p3jbdvkbnP5LLALzn4ON64N9Et0WmnP0FxrXKJhMP10=", "last_login": "2025-10-03T15:22:15.994Z", "is_superuser": false, "username": "78971975", "first_name": "Alpha", "last_name": "Alpha", "email": "", "is_staff": false, "is_active": true, "date_joined": "2025-10-03T13:53:49.162Z", "groups": [], "user_permissions": []}}, {"model": "core.client", "pk": 1, "fields": {"nom": "Inconnu", "contact": "", "type_client": "detail", "date_creation": "2025-10-03T15:13:40.774Z"}}, {"model": "core.produit", "pk": 1, "fields": {"nom": "AIL", "description": ""}}, {"model": "core.produit", "pk": 2, "fields": {"nom": "POIVRES", "description": ""}}, {"model": "core.produit", "pk": 3, "fields": {"nom": "LAURIERS", "description": ""}}, {"model": "core.fournisseur", "pk": 1, "fields": {"nom": "inconnu", "contact": "", "adresse": null, "email": null, "date_ajout": "2025-11-30T10:14:31.356Z"}}, {"model": "core.lotentrepot", "pk": 1, "fields": {"produit": 1, "fournisseur": 1, "quantite_initiale": "8.00", "quantite_restante": "0.00", "prix_achat_unitaire": "12000.00", "valeur_stock_initiale": null, "date_reception": "2025-08-19T08:00:00Z", "date_enregistrement": "2025-10-03T14:07:15.278Z", "reference_lot": "20251003-0001", "facture": "", "date_upload_facture": null}}, {"model": "core.lotentrepot", "pk": 4, "fields": {"produit": 1, "fournisseur": 1, "quantite_initiale": "20.00", "quantite_restante": "20.00", "prix_achat_unitaire": "10250.00", "valeur_stock_initiale": null, "date_reception": "2025-08-28T08:00:00Z", "date_enregistrement": "2025-10-03T14:17:15.047Z", "reference_lot": "20251003-0003", "facture": "", "date_upload_facture": null}}, {"model": "core.lotentrepot", "pk": 5, "fields": {"produit": 1, "fournisseur": 1, "quantite_initiale": "50.00", "quantite_restante": "50.00", "prix_achat_unitaire": "9500.00", "valeur_stock_initiale": null, "date_reception": "2025-09-01T08:00:00Z", "date_enregistrement": "2025-10-03T14:31:34.129Z", "reference_lot": "20251003-0004", "facture": "", "date_upload_facture": null}}, {"model": "core.lotentrepot", "pk": 6, "fields": {"produit": 1, "fournisseur": 1, "quantite_initiale": "50.00", "quantite_restante": "50.00", "prix_achat_unitaire": "9000.00", "valeur_stock_initiale": null, "date_reception": "2025-09-04T08:00:00Z", "date_enregistrement": "2025-10-03T14:32:29.695Z", "reference_lot": "20251003-0005", "facture": "", "date_upload_facture": null}}, {"model": "core.lotentrepot", "pk": 7, "fields": {"produit": 1, "fournisseur": 1, "quantite_initiale": "50.00", "quantite_restante": "50.00", "prix_achat_unitaire": "9250.00", "valeur_stock_initiale": null, "date_reception": "2025-09-08T08:00:00Z", "date_enregistrement": "2025-10-03T14:33:14.331Z", "reference_lot": "20251003-0006", "facture": "", "date_upload_facture": null}}, {"model": "core.lotentrepot", "pk": 8, "fields": {"produit": 1, "fournisseur": 1, "quantite_initiale": "75.00", "quantite_restante": "75.00", "prix_achat_unitaire": "9250.00", "valeur_stock_initiale": null, "date_reception": "2025-09-12T08:00:00Z", "date_enregistrement": "2025-10-03T14:34:20.790Z", "reference_lot": "20251003-0007", "facture": "", "date_upload_facture": null}}, {"model": "core.lotentrepot", "pk": 9, "fields": {"produit": 2, "fournisseur": 1, "quantite_initiale": "50.00", "quantite_restante": "50.00", "prix_achat_unitaire": "4500.00", "valeur_stock_initiale": null, "date_reception": "2025-09-12T08:00:00Z", "date_enregistrement": "2025-10-03T14:37:44.876Z", "reference_lot": "20251003-0008", "facture": "", "date_upload_facture": null}}, {"model": "core.lotentrepot", "pk": 10, "fields": {"produit": 3, "fournisseur": 1, "quantite_initiale": "25.00", "quantite_restante": "25.00", "prix_achat_unitaire": "2280.00", "valeur_stock_initiale": null, "date_reception": "2025-09-12T08:00:00Z", "date_enregistrement": "2025-10-03T14:38:46.664Z", "reference_lot": "20251003-0009", "facture": "", "date_upload_facture": null}}, {"model": "core.lotentrepot", "pk": 11, "fields": {"produit": 1, "fournisseur": 1, "quantite_initiale": "60.00", "quantite_restante": "60.00", "prix_achat_unitaire": "9250.00", "valeur_stock_initiale": null, "date_reception": "2025-09-17T08:00:00Z", "date_enregistrement": "2025-10-03T14:39:47.754Z", "reference_lot": "20251003-0010", "facture": "", "date_upload_facture": null}}, {"model": "core.lotentrepot", "pk": 12, "fields": {"produit": 2, "fournisseur": 1, "quantite_initiale": "49.00", "quantite_restante": "49.00", "prix_achat_unitaire": "4590.00", "valeur_stock_initiale": null, "date_reception": "2025-09-12T08:00:00Z", "date_enregistrement": "2025-10-03T14:47:17.132Z", "reference_lot": "20251003-0011", "facture": "", "date_upload_facture": null}}, {"model": "core.lotentrepot", "pk": 13, "fields": {"produit": 3, "fournisseur": 1, "quantite_initiale": "25.00", "quantite_restante": "25.00", "prix_achat_unitaire": "2300.00", "valeur_stock_initiale": null, "date_reception": "2025-09-12T09:00:00Z", "date_enregistrement": "2025-10-03T14:48:19.625Z", "reference_lot": "20251003-0012", "facture": "", "date_upload_facture": null}}, {"model": "core.lotentrepot", "pk": 14, "fields": {"produit": 2, "fournisseur": 1, "quantite_initiale": "50.00", "quantite_restante": "50.00", "prix_achat_unitaire": "4500.00", "valeur_stock_initiale": null, "date_reception": "2025-09-18T08:00:00Z", "date_enregistrement": "2025-10-03T14:49:18.531Z", "reference_lot": "20251003-0013", "facture": "", "date_upload_facture": null}}, {"model": "core.lotentrepot", "pk": 15, "fields": {"produit": 1, "fournisseur": 1, "quantite_initiale": "200.00", "quantite_restante": "200.00", "prix_achat_unitaire": "9000.00", "valeur_stock_initiale": null, "date_reception": "2025-09-23T08:00:00Z", "date_enregistrement": "2025-10-03T14:50:09.576Z", "reference_lot": "20251003-0014", "facture": "", "date_upload_facture": null}}, {"model": "core.lotentrepot", "pk": 16, "fields": {"produit": 1, "fournisseur": 1, "quantite_initiale": "6.00", "quantite_restante": "0.00", "prix_achat_unitaire": "12000.00", "valeur_stock_initiale": null, "date_reception": "2025-08-21T08:03:00Z", "date_enregistrement": "2025-10-03T16:04:36.479Z", "reference_lot": "20251003-0015", "facture": "", "date_upload_facture": null}}, {"model": "core.lotentrepot", "pk": 17, "fields": {"produit": 1, "fournisseur": 1, "quantite_initiale": "11.00", "quantite_restante": "11.00", "prix_achat_unitaire": "11500.00", "valeur_stock_initiale": null, "date_reception": "2025-08-22T08:00:00Z", "date_enregistrement": "2025-10-03T16:05:38.601Z", "reference_lot": "20251003-0016", "facture": "", "date_upload_facture": null}}, {"model": "core.agent", "pk": 1, "fields": {"user": 2, "type_agent": "direction", "telephone": "90423937", "ajustement_solde": "0.00", "date_creation": "2025-11-30T10:14:47.418Z", "date_expiration": null, "date_mise_service": null}}, {"model": "core.agent", "pk": 2, "fields": {"user": 3, "type_agent": "entrepot", "telephone": "72014965", "ajustement_solde": "0.00", "date_creation": "2025-11-30T10:14:47.418Z", "date_expiration": null, "date_mise_service": null}}, {"model": "core.agent", "pk": 3, "fields": {"user": 4, "type_agent": "terrain", "telephone": "74648606", "ajustement_solde": "0.00", "date_creation": "2025-11-30T10:14:47.418Z", "date_expiration": null, "date_mise_service": null}}, {"model": "core.agent", "pk": 4, "fields": {"user": 5, "type_agent": "terrain", "telephone": "77730569", "ajustement_solde": "0.00", "date_creation": "2025-11-30T10:14:47.418Z", "date_expiration": null, "date_mise_service": null}}, {"model": "core.agent", "pk": 5, "fields": {"user": 6, "type_agent": "terrain", "telephone": "74105503", "ajustement_solde": "0.00", "date_creation": "2025-11-30T10:14:47.418Z", "date_expiration": null, "date_mise_service": null}}, {"model": "core.agent", "pk": 6, "fields": {"user": 7, "type_agent": "terrain", "telephone": "78971975", "ajustement_solde": "0.00", "date_creation": "2025-11-30T10:14:47.418Z", "date_expiration": null, "date_mise_service": null}}, {"model": "core.distributionagent", "pk": 1, "fields": {"superviseur": 2, "agent_terrain": 3, "type_distribution": "TERRAIN", "quantite_totale": "2.00", "valeur_gros_totale": "26000.00", "valeur_detail_totale": "30000.00", "nombre_produits_differents": 1, "date_distribution": "2025-08-20T08:00:00Z", "date_creation": "2025-10-03T14:53:04.466Z", "date_modification": "2025-10-03T14:57:56.528Z", "est_retroactive": true, "est_supprime": false, "date_suppression": null, "raison_suppression": "", "nombre_modifications": 1, "derniere_modification_par": null}}, {"model": "core.distributionagent", "pk": 2, "fields": {"superviseur": 2, "agent_terrain": 4, "type_distribution": "TERRAIN", "quantite_totale": "3.00", "valeur_gros_totale": "39000.00", "valeur_detail_totale": "45000.00", "nombre_produits_differents": 1, "date_distribution": "2025-08-20T09:00:00Z", "date_creation": "2025-10-03T14:54:33.126Z", "date_modification": "2025-10-03T14:57:31.138Z", "est_retroactive": true, "est_supprime": false, "date_suppression": null, "raison_suppression": "", "nombre_modifications": 1, "derniere_modification_par": null}}, {"model": "core.distributionagent", "pk": 3, "fields": {"superviseur": 2, "agent_terrain": 6, "type_distribution": "TERRAIN", "quantite_totale": "2.00", "valeur_gros_totale": "26000.00", "valeur_detail_totale": "30000.00", "nombre_produits_differents": 1, "date_distribution": "2025-08-19T09:00:00Z", "date_creation": "2025-10-03T14:55:16.445Z", "date_modification": "2025-10-03T14:58:17.483Z", "est_retroactive": true, "est_supprime": false, "date_suppression": null, "raison_suppression": "", "nombre_modifications": 1, "derniere_modification_par": null}}, {"model": "core.distributionagent", "pk": 4, "fields": {"superviseur": 2, "agent_terrain": 2, "type_distribution": "AUTO", "quantite_totale": "1.00", "valeur_gros_totale": "13000.00", "valeur_detail_totale": "15000.00", "nombre_produits_differents": 1, "date_distribution": "2025-08-19T08:00:00Z", "date_creation": "2025-10-03T14:56:10.589Z", "date_modification": "2025-10-03T14:58:42.226Z", "est_retroactive": true, "est_supprime": false, "date_suppression": null, "raison_suppression": "", "nombre_modifications": 1, "derniere_modification_par": null}}, {"model": "core.distributionagent", "pk": 10, "fields": {"superviseur": 2, "agent_terrain": 3, "type_distribution": "TERRAIN", "quantite_totale": "2.00", "valeur_gros_totale": "26000.00", "valeur_detail_totale": "30000.00", "nombre_produits_differents": 1, "date_distribution": "2025-08-22T08:00:00Z", "date_creation": "2025-10-03T16:07:38.494Z", "date_modification": "2025-10-03T16:07:42.339Z", "est_retroactive": true, "est_supprime": false, "date_suppression": null, "raison_suppression": "", "nombre_modifications": 0, "derniere_modification_par": null}}, {"model": "core.distributionagent", "pk": 11, "fields": {"superviseur": 2, "agent_terrain": 6, "type_distribution": "TERRAIN", "quantite_totale": "1.00", "valeur_gros_totale": "13000.00", "valeur_detail_totale": "15000.00", "nombre_produits_differents": 1, "date_distribution": "2025-08-22T08:00:00Z", "date_creation": "2025-10-03T16:12:43.037Z", "date_modification": "2025-10-03T16:12:45.978Z", "est_retroactive": true, "est_supprime": false, "date_suppression": null, "raison_suppression": "", "nombre_modifications": 0, "derniere_modification_par": null}}, {"model": "core.distributionagent", "pk": 12, "fields": {"superviseur": 2, "agent_terrain": 4, "type_distribution": "TERRAIN", "quantite_totale": "1.00", "valeur_gros_totale": "13000.00", "valeur_detail_totale": "15000.00", "nombre_produits_differents": 1, "date_distribution": "2025-08-22T08:00:00Z", "date_creation": "2025-10-03T16:13:50.968Z", "date_modification": "2025-10-03T16:13:54.050Z", "est_retroactive": true, "est_supprime": false, "date_suppression": null, "raison_suppression": "", "nombre_modifications": 0, "derniere_modification_par": null}}, {"model": "core.distributionagent", "pk": 13, "fields": {"superviseur": 2, "agent_terrain": 4, "type_distribution": "TERRAIN", "quantite_totale": "2.00", "valeur_gros_totale": "26000.00", "valeur_detail_totale": "30000.00", "nombre_produits_differents": 1, "date_distribution": "2025-08-22T08:00:00Z", "date_creation": "2025-10-03T16:15:14.268Z", "date_modification": "2025-10-03T16:15:19.152Z", "est_retroactive": true, "est_supprime": false, "date_suppression": null, "raison_suppression": "", "nombre_modifications": 0, "derniere_modification_par": null}}, {"model": "core.detaildistribution", "pk": 1, "fields": {"distribution": 1, "lot": 1, "quantite": "0.00", "quantite_vendue": "0.00", "prix_gros": "13000.00", "prix_detail": "15000.00", "specification": "", "est_supprime": false, "date_suppression": null}}, {"model": "core.detaildistribution", "pk": 2, "fields": {"distribution": 2, "lot": 1, "quantite": "0.00", "quantite_vendue": "0.00", "prix_gros": "13000.00", "prix_detail": "15000.00", "specification": "", "est_supprime": false, "date_suppression": null}}, {"model": "core.detaildistribution", "pk": 3, "fields": {"distribution": 3, "lot": 1, "quantite": "0.00", "quantite_vendue": "0.00", "prix_gros": "13000.00", "prix_detail": "15000.00", "specification": "", "est_supprime": false, "date_suppression": null}}, {"model": "core.detaildistribution", "pk": 4, "fields": {"distribution": 4, "lot": 1, "quantite": "0.00", "quantite_vendue": "0.00", "prix_gros": "13000.00", "prix_detail": "15000.00", "specification": "", "est_supprime": false, "date_suppression": null}}, {"model": "core.detaildistribution", "pk": 10, "fields": {"distribution": 10, "lot": 16, "quantite": "2.00", "quantite_vendue": "0.00", "prix_gros": "13000.00", "prix_detail": "15000.00", "specification": "", "est_supprime": false, "date_suppression": null}}, {"model": "core.detaildistribution", "pk": 11, "fields": {"distribution": 11, "lot": 16, "quantite": "1.00", "quantite_vendue": "0.00", "prix_gros": "13000.00", "prix_detail": "15000.00", "specification": "", "est_supprime": false, "date_suppression": null}}, {"model": "core.detaildistribution", "pk": 12, "fields": {"distribution": 12, "lot": 16, "quantite": "1.00", "quantite_vendue": "0.00", "prix_gros": "13000.00", "prix_detail": "15000.00", "specification": "", "est_supprime": false, "date_suppression": null}}, {"model": "core.detaildistribution", "pk": 13, "fields": {"distribution": 13, "lot": 16, "quantite": "2.00", "quantite_vendue": "0.00", "prix_gros": "13000.00", "prix_detail": "15000.00", "specification": "", "est_supprime": false, "date_suppression": null}}, {"model": "core.mouvementstock", "pk": 1, "fields": {"produit": 1, "lot": 1, "agent": null, "client": null, "detail_distribution": null, "type_mouvement": "RECEPTION", "quantite": "8.00", "date_mouvement": "2025-08-19T08:00:00Z", "created_at": "2025-11-30T10:15:40.863Z"}}, {"model": "core.mouvementstock", "pk": 4, "fields": {"produit": 1, "lot": 4, "agent": null, "client": null, "detail_distribution": null, "type_mouvement": "RECEPTION", "quantite": "20.00", "date_mouvement": "2025-08-28T08:00:00Z", "created_at": "2025-11-30T10:15:40.863Z"}}, {"model": "core.mouvementstock", "pk": 5, "fields": {"produit": 1, "lot": 4, "agent": null, "client": null, "detail_distribution": null, "type_mouvement": "RECEPTION", "quantite": "20.00", "date_mouvement": "2025-08-28T08:00:00Z", "created_at": "2025-11-30T10:15:40.863Z"}}, {"model": "core.mouvementstock", "pk": 6, "fields": {"produit": 1, "lot": 5, "agent": null, "client": null, "detail_distribution": null, "type_mouvement": "RECEPTION", "quantite": "50.00", "date_mouvement": "2025-09-01T08:00:00Z", "created_at": "2025-11-30T10:15:40.863Z"}}, {"model": "core.mouvementstock", "pk": 7, "fields": {"produit": 1, "lot": 5, "agent": null, "client": null, "detail_distribution": null, "type_mouvement": "RECEPTION", "quantite": "50.00", "date_mouvement": "2025-09-01T08:00:00Z", "created_at": "2025-11-30T10:15:40.863Z"}}, {"model": "core.mouvementstock", "pk": 8, "fields": {"produit": 1, "lot": 6, "agent": null, "client": null, "detail_distribution": null, "type_mouvement": "RECEPTION", "quantite": "50.00", "date_mouvement": "2025-09-04T08:00:00Z", "created_at": "2025-11-30T10:15:40.863Z"}}, {"model": "core.mouvementstock", "pk": 9, "fields": {"produit": 1, "lot": 6, "agent": null, "client": null, "detail_distribution": null, "type_mouvement": "RECEPTION", "quantite": "50.00", "date_mouvement": "2025-09-04T08:00:00Z", "created_at": "2025-11-30T10:15:40.863Z"}}, {"model": "core.mouvementstock", "pk": 10, "fields": {"produit": 1, "lot": 7, "agent": null, "client": null, "detail_distribution": null, "type_mouvement": "RECEPTION", "quantite": "50.00", "date_mouvement": "2025-09-08T08:00:00Z", "created_at": "2025-11-30T10:15:40.863Z"}}, {"model": "core.mouvementstock", "pk": 11, "fields": {"produit": 1, "lot": 7, "agent": null, "client": null, "detail_distribution": null, "type_mouvement": "RECEPTION", "quantite": "50.00", "date_mouvement": "2025-09-08T08:00:00Z", "created_at": "2025-11-30T10:15:40.863Z"}}, {"model": "core.mouvementstock", "pk": 12, "fields": {"produit": 1, "lot": 8, "agent": null, "client": null, "detail_distribution": null, "type_mouvement": "RECEPTION", "quantite": "75.00", "date_mouvement": "2025-09-12T08:00:00Z", "created_at": "2025-11-30T10:15:40.863Z"}}, {"model": "core.mouvementstock", "pk": 13, "fields": {"produit": 1, "lot": 8, "agent": null, "client": null, "detail_distribution": null, "type_mouvement": "RECEPTION", "quantite": "75.00", "date_mouvement": "2025-09-12T08:00:00Z", "created_at": "2025-11-30T10:15:40.863Z"}}, {"model": "core.mouvementstock", "pk": 14, "fields": {"produit": 2, "lot": 9, "agent": null, "client": null, "detail_distribution": null, "type_mouvement": "RECEPTION", "quantite": "50.00", "date_mouvement": "2025-09-12T08:00:00Z", "created_at": "2025-11-30T10:15:40.863Z"}}, {"model": "core.mouvementstock", "pk": 15, "fields": {"produit": 2, "lot": 9, "agent": null, "client": null, "detail_distribution": null, "type_mouvement": "RECEPTION", "quantite": "50.00", "date_mouvement": "2025-09-12T08:00:00Z", "created_at": "2025-11-30T10:15:40.863Z"}}, {"model": "core.mouvementstock", "pk": 16, "fields": {"produit": 3, "lot": 10, "agent": null, "client": null, "detail_distribution": null, "type_mouvement": "RECEPTION", "quantite": "25.00", "date_mouvement": "2025-09-12T08:00:00Z", "created_at": "2025-11-30T10:15:40.863Z"}}, {"model": "core.mouvementstock", "pk": 17, "fields": {"produit": 3, "lot": 10, "agent": null, "client": null, "detail_distribution": null, "type_mouvement": "RECEPTION", "quantite": "25.00", "date_mouvement": "2025-09-12T08:00:00Z", "created_at": "2025-11-30T10:15:40.863Z"}}, {"model": "core.mouvementstock", "pk": 18, "fields": {"produit": 1, "lot": 11, "agent": null, "client": null, "detail_distribution": null, "type_mouvement": "RECEPTION", "quantite": "60.00", "date_mouvement": "2025-09-17T08:00:00Z", "created_at": "2025-11-30T10:15:40.863Z"}}, {"model": "core.mouvementstock", "pk": 19, "fields": {"produit": 1, "lot": 11, "agent": null, "client": null, "detail_distribution": null, "type_mouvement": "RECEPTION", "quantite": "60.00", "date_mouvement": "2025-09-17T08:00:00Z", "created_at": "2025-11-30T10:15:40.863Z"}}, {"model": "core.mouvementstock", "pk": 20, "fields": {"produit": 2, "lot": 12, "agent": null, "client": null, "detail_distribution": null, "type_mouvement": "RECEPTION", "quantite": "49.00", "date_mouvement": "2025-09-12T08:00:00Z", "created_at": "2025-11-30T10:15:40.863Z"}}, {"model": "core.mouvementstock", "pk": 21, "fields": {"produit": 2, "lot": 12, "agent": null, "client": null, "detail_distribution": null, "type_mouvement": "RECEPTION", "quantite": "49.00", "date_mouvement": "2025-09-12T08:00:00Z", "created_at": "2025-11-30T10:15:40.863Z"}}, {"model": "core.mouvementstock", "pk": 22, "fields": {"produit": 3, "lot": 13, "agent": null, "client": null, "detail_distribution": null, "type_mouvement": "RECEPTION", "quantite": "25.00", "date_mouvement": "2025-09-12T09:00:00Z", "created_at": "2025-11-30T10:15:40.863Z"}}, {"model": "core.mouvementstock", "pk": 23, "fields": {"produit": 3, "lot": 13, "agent": null, "client": null, "detail_distribution": null, "type_mouvement": "RECEPTION", "quantite": "25.00", "date_mouvement": "2025-09-12T09:00:00Z", "created_at": "2025-11-30T10:15:40.863Z"}}, {"model": "core.mouvementstock", "pk": 24, "fields": {"produit": 2, "lot": 14, "agent": null, "client": null, "detail_distribution": null, "type_mouvement": "RECEPTION", "quantite": "50.00", "date_mouvement": "2025-09-18T08:00:00Z", "created_at": "2025-11-30T10:15:40.863Z"}}, {"model": "core.mouvementstock", "pk": 25, "fields": {"produit": 2, "lot": 14, "agent": null, "client": null, "detail_distribution": null, "type_mouvement": "RECEPTION", "quantite": "50.00", "date_mouvement": "2025-09-18T08:00:00Z", "created_at": "2025-11-30T10:15:40.863Z"}}, {"model": "core.mouvementstock", "pk": 26, "fields": {"produit": 1, "lot": 15, "agent": null, "client": null, "detail_distribution": null, "type_mouvement": "RECEPTION", "quantite": "200.00", "date_mouvement": "2025-09-23T08:00:00Z", "created_at": "2025-11-30T10:15:40.863Z"}}, {"model": "core.mouvementstock", "pk": 27, "fields": {"produit": 1, "lot": 15, "agent": null, "client": null, "detail_distribution": null, "type_mouvement": "RECEPTION", "quantite": "200.00", "date_mouvement": "2025-09-23T08:00:00Z", "created_at": "2025-11-30T10:15:40.863Z"}}, {"model": "core.mouvementstock", "pk": 28, "fields": {"produit": 1, "lot": 1, "agent": 1, "client": null, "detail_distribution": null, "type_mouvement": "DISTRIBUTION", "quantite": "2.00", "date_mouvement": "2025-08-20T08:00:00Z", "created_at": "2025-11-30T10:15:40.863Z"}}, {"model": "core.mouvementstock", "pk": 29, "fields": {"produit": 1, "lot": 1, "agent": 1, "client": null, "detail_distribution": null, "type_mouvement": "DISTRIBUTION", "quantite": "3.00", "date_mouvement": "2025-08-20T09:00:00Z", "created_at": "2025-11-30T10:15:40.863Z"}}, {"model": "core.mouvementstock", "pk": 30, "fields": {"produit": 1, "lot": 1, "agent": 1, "client": null, "detail_distribution": null, "type_mouvement": "DISTRIBUTION", "quantite": "2.00", "date_mouvement": "2025-08-19T09:00:00Z", "created_at": "2025-11-30T10:15:40.863Z"}}, {"model": "core.mouvementstock", "pk": 31, "fields": {"produit": 1, "lot": 1, "agent": 1, "client": null, "detail_distribution": null, "type_mouvement": "DISTRIBUTION", "quantite": "1.00", "date_mouvement": "2025-08-19T08:00:00Z", "created_at": "2025-11-30T10:15:40.863Z"}}, {"model": "core.mouvementstock", "pk": 36, "fields": {"produit": 1, "lot": 16, "agent": null, "client": null, "detail_distribution": null, "type_mouvement": "RECEPTION", "quantite": "6.00", "date_mouvement": "2025-08-21T08:03:00Z", "created_at": "2025-11-30T10:15:40.863Z"}}, {"model": "core.mouvementstock", "pk": 37, "fields": {"produit": 1, "lot": 16, "agent": null, "client": null, "detail_distribution": null, "type_mouvement": "RECEPTION", "quantite": "6.00", "date_mouvement": "2025-08-21T08:03:00Z", "created_at": "2025-11-30T10:15:40.863Z"}}, {"model": "core.mouvementstock", "pk": 38, "fields": {"produit": 1, "lot": 17, "agent": null, "client": null, "detail_distribution": null, "type_mouvement": "RECEPTION", "quantite": "11.00", "date_mouvement": "2025-08-22T08:00:00Z", "created_at": "2025-11-30T10:15:40.863Z"}}, {"model": "core.mouvementstock", "pk": 39, "fields": {"produit": 1, "lot": 17, "agent": null, "client": null, "detail_distribution": null, "type_mouvement": "RECEPTION", "quantite": "11.00", "date_mouvement": "2025-08-22T08:00:00Z", "created_at": "2025-11-30T10:15:40.863Z"}}, {"model": "core.mouvementstock", "pk": 40, "fields": {"produit": 1, "lot": 16, "agent": 2, "client": null, "detail_distribution": null, "type_mouvement": "DISTRIBUTION", "quantite": "2.00", "date_mouvement": "2025-08-22T08:00:00Z", "created_at": "2025-11-30T10:15:40.863Z"}}, {"model": "core.mouvementstock", "pk": 41, "fields": {"produit": 1, "lot": 16, "agent": 2, "client": null, "detail_distribution": null, "type_mouvement": "DISTRIBUTION", "quantite": "1.00", "date_mouvement": "2025-08-22T08:00:00Z", "created_at": "2025-11-30T10:15:40.863Z"}}, {"model": "core.mouvementstock", "pk": 42, "fields": {"produit": 1, "lot": 16, "agent": 2, "client": null, "detail_distribution": null, "type_mouvement": "DISTRIBUTION", "quantite": "1.00", "date_mouvement": "2025-08-22T08:00:00Z", "created_at": "2025-11-30T10:15:40.863Z"}}, {"model": "core.mouvementstock", "pk": 43, "fields": {"produit": 1, "lot": 16, "agent": 2, "client": null, "detail_distribution": null, "type_mouvement": "DISTRIBUTION", "quantite": "2.00", "date_mouvement": "2025-08-22T08:00:00Z", "created_at": "2025-11-30T10:15:40.863Z"}}, {"model": "core.vente", "pk": 1, "fields": {"agent": 2, "stagiaire": null, "client": 1, "detail_distribution": 1, "specification": "", "quantite": "1.00", "type_vente": "detail", "prix_vente_unitaire": "1.00", "mode_paiement": "comptant", "date_vente": "2025-10-03T15:13:40.175Z", "ancienne_vente": false, "date_creation": "2025-11-30T10:14:25.331Z", "est_supprime": false, "date_suppression": null}}, {"model": "core.vente", "pk": 2, "fields": {"agent": 3, "stagiaire": null, "client": 1, "detail_distribution": 1, "specification": "", "quantite": "1.00", "type_vente": "gros", "prix_vente_unitaire": "1.00", "mode_paiement": "comptant", "date_vente": "2025-10-03T15:17:50.981Z", "ancienne_vente": false, "date_creation": "2025-11-30T10:14:25.331Z", "est_supprime": false, "date_suppression": null}}, {"model": "core.vente", "pk": 3, "fields": {"agent": 4, "stagiaire": null, "client": 1, "detail_distribution": 1, "specification": "", "quantite": "1.00", "type_vente": "gros", "prix_vente_unitaire": "1.00", "mode_paiement": "comptant", "date_vente": "2025-10-03T15:19:29.455Z", "ancienne_vente": false, "date_creation": "2025-11-30T10:14:25.331Z", "est_supprime": false, "date_suppression": null}}, {"model": "core.vente", "pk": 4, "fields": {"agent": 4, "stagiaire": null, "client": 1, "detail_distribution": 1, "specification": "", "quantite": "1.00", "type_vente": "detail", "prix_vente_unitaire": "1.00", "mode_paiement": "comptant", "date_vente": "2025-10-03T15:19:51.149Z", "ancienne_vente": false, "date_creation": "2025-11-30T10:14:25.331Z", "est_supprime": false, "date_suppression": null}}, {"model": "core.vente", "pk": 5, "fields": {"agent": 6, "stagiaire": null, "client": 1, "detail_distribution": 1, "specification": "", "quantite": "1.00", "type_vente": "detail", "prix_vente_unitaire": "1.00", "mode_paiement": "comptant", "date_vente": "2025-10-03T15:22:51.500Z", "ancienne_vente": false, "date_creation": "2025-11-30T10:14:25.331Z", "est_supprime": false, "date_suppression": null}}, {"model": "core.vente", "pk": 6, "fields": {"agent": 6, "stagiaire": null, "client": 1, "detail_distribution": 1, "specification": "", "quantite": "1.00", "type_vente": "gros", "prix_vente_unitaire": "1.00", "mode_paiement": "comptant", "date_vente": "2025-10-03T15:23:14.088Z", "ancienne_vente": false, "date_creation": "2025-11-30T10:14:25.331Z", "est_supprime": false, "date_suppression": null}}, {"model": "core.bonusagent", "pk": 1, "fields": {"agent": 3, "nombre_produits_recouverts": 0, "total_bonus": "0.00", "date_mise_a_jour": "2025-10-03T15:14:42.383Z"}}, {"model": "core.bonusagent", "pk": 2, "fields": {"agent": 4, "nombre_produits_recouverts": 0, "total_bonus": "0.00", "date_mise_a_jour": "2025-10-03T15:18:51.613Z"}}, {"model": "core.bonusagent", "pk": 3, "fields": {"agent": 6, "nombre_produits_recouverts": 0, "total_bonus": "0.00", "date_mise_a_jour": "2025-10-03T15:22:19.019Z"}}]